Query,Nation,Chunking_Method,BM25_K5_Early_Answer,BM25_K5_Late_Answer,BM25_K5_Final_Analysis,DENSE_K5_Early_Answer,DENSE_K5_Late_Answer,DENSE_K5_Final_Analysis
How did the Prime Minister/President's rhetoric regarding immigration change between his first and last speech?,uk,parent-son,"Based on the provided evidence, here are three to six bullet points summarizing the Prime Minister's rhetoric regarding immigration between his first and last speech:

• The Prime Minister's rhetoric regarding immigration was generally critical during this period, with a focus on reducing immigration numbers. [1] (2023-11-29T00:00:00) and [2] (2024-01-08T00:00:00) both suggest a negative tone towards immigration.

• There is no significant change in the Prime Minister's rhetoric regarding immigration between his first and last speech, as the evidence suggests a consistent critical stance. [1], [2], and [3] (2023-11-28T00:00:00) all convey a similar message.

• The tone of the Prime Minister's rhetoric may have slightly softened over time, with [4] (2024-01-08T00:00:00) suggesting a slightly more nuanced approach. However, this is not conclusively supported by the evidence and requires further analysis.

Insufficient evidence to determine any significant changes in the Prime Minister's rhetoric regarding immigration between his first and last speech.","Based on the provided evidence, here are three to six bullet points summarizing the Prime Minister's rhetoric regarding immigration between his first and last speech:

• The Prime Minister's rhetoric on immigration remained consistent throughout the late window, with a focus on controlling borders and reducing immigration numbers. [1] [2]
• There is no significant change in tone or language used by the Prime Minister to describe immigration during this period. [3]
• Insufficient evidence exists to determine if there was any shift in emphasis from one end of the window to the other, as the available data only provides a snapshot of the rhetoric at specific points in time.

Note: The scores provided for each piece of evidence do not seem to indicate any significant changes or trends in the Prime Minister's rhetoric on immigration.","Based on the provided evidence, here's my analysis:

**Change over time:**
The Prime Minister/President's rhetoric regarding immigration appears to have shifted from a more moderate tone in the early period (EARLY[1] with a score of 0.8103) to a slightly more critical tone in the later period (LATE[1] with a score of 0.8579). This change is evident as the scores for the late period are generally higher than those for the early period.

**Change indicators:**

* **Increased emphasis on immigration control**: The late-period evidence suggests a greater focus on controlling immigration, as seen in LATE[1]'s high score and LATE[3]'s moderate score.
* **Shift from nuanced to more critical tone**: EARLY[2] and EARLY[4] demonstrate a more balanced approach, while LATE[1], LATE[2], and LATE[3] exhibit a more critical tone towards immigration.
* **Consistency in concerns about immigration**: The late-period evidence (LATE[1]-LATE[5]) consistently expresses concerns about immigration, indicating a sustained focus on this issue.

**Insufficient evidence to determine change:**
There is insufficient evidence to determine whether the Prime Minister/President's rhetoric regarding immigration changed between his first and last speech.","Based on the provided evidence, here are three to six bullet points summarizing the position/rhetoric regarding immigration:

• The Prime Minister/President's rhetoric regarding immigration was generally critical or negative during this period. [3]
• By February 2024, there is a slight shift towards more nuanced language, with some evidence suggesting a focus on ""controlling"" rather than outright opposing immigration. [2], [5]

Note: Insufficient evidence to provide additional bullet points or further details.","Based on the provided evidence, here are three to six bullet points summarizing the Prime Minister's rhetoric regarding immigration between his first and last speech:

• The Prime Minister's rhetoric on immigration remained relatively consistent throughout the period, with a focus on controlling borders and reducing immigration numbers. [3]
• There is no significant change in tone or emphasis on immigration policy between the earliest and latest evidence points. [1], [5]
• However, there may be some subtle shifts in language or emphasis, as evidenced by the slightly lower score for [4] compared to earlier evidence points. This could suggest a slight softening of tone or increased nuance in the Prime Minister's rhetoric on immigration.

Note: Insufficient evidence is not applicable in this case, as multiple evidence points are provided within the specified time window.","Based on the provided evidence, here's my analysis:

**Change Over Time:**
The Prime Minister/President's rhetoric regarding immigration appears to have shifted from a more moderate tone in the early period to a slightly more critical tone in the late period.

EARLY[3] (2023-11-22T00:00:00) mentions ""the importance of controlling immigration"" but does not express strong opposition. In contrast, LATE[1] (2025-10-23T00:00:00) states that ""uncontrolled immigration is a threat to our national security.""

**Change Indicators:**

• **Increased emphasis on control:** The late period evidence suggests a greater focus on controlling immigration, whereas the early period statements were more nuanced.
• **Shift from moderation to criticism:** The tone of the rhetoric shifted from moderate (EARLY[3]) to slightly more critical (LATE[1]).
• **More explicit language:** LATE[1] uses stronger language (""threat to our national security"") compared to EARLY[3], indicating a more pronounced shift in tone.
• **Consistency across late period statements:** The late period evidence shows consistent criticism of uncontrolled immigration, suggesting a sustained change in the Prime Minister/President's rhetoric.

**Insufficient Evidence:**
There is insufficient evidence to determine whether this change is a result of external factors or internal shifts within the Prime Minister/President's administration."
